ENSG00000037965.6	0.0477
ENSG00000038002.9	27.2225
ENSG00000038210.14	28.5452
ENSG00000038219.13	6.2241
ENSG00000038274.17	16.3046
ENSG00000038295.8	0.0712
ENSG00000038358.15	11.0515
ENSG00000038382.20	8.1932
ENSG00000038427.16	3.4358
ENSG00000038532.16	4.3035
ENSG00000038945.15	0.7165
ENSG00000039068.19	182.6524
ENSG00000039123.16	14.0912
ENSG00000039139.9	15.3263
ENSG00000039319.17	3.5016
ENSG00000039523.20	13.2312
ENSG00000039537.14	0.0950
ENSG00000039560.14	7.0557
ENSG00000039600.11	0.0496
ENSG00000039650.12	25.9496
ENSG00000039987.7	0.1745
ENSG00000040199.18	1.8382
ENSG00000040275.17	2.3926
ENSG00000040341.18	14.8952
ENSG00000040487.13	26.5090
ENSG00000040531.16	7.2636
ENSG00000040608.14	0.6645
ENSG00000040633.13	40.0931
ENSG00000040731.10	0.1892
ENSG00000040933.16	2.3450
ENSG00000041353.10	39.7633
ENSG00000041357.16	69.1770
ENSG00000041515.16	0.0262
ENSG00000041802.11	14.7348
ENSG00000041880.14	4.2369
ENSG00000041982.16	10.2843
ENSG00000041988.15	12.9232
ENSG00000042062.13	0.9389
ENSG00000042088.14	6.6853
ENSG00000042286.15	4.0565
ENSG00000042304.12	0.0331
ENSG00000042317.17	2.6113
ENSG00000042429.12	0.6948
ENSG00000042445.14	51.1173
ENSG00000042493.16	5.3670
ENSG00000042753.12	285.5426
ENSG00000042781.14	0.0783
ENSG00000042813.8	0.0000
ENSG00000042832.12	0.1037
ENSG00000042980.13	0.8174
ENSG00000043039.7	12.8259
ENSG00000043093.15	6.7238
ENSG00000043143.20	7.1506
ENSG00000043355.12	1.3154
ENSG00000043462.13	0.9049
ENSG00000043514.17	11.9942
ENSG00000043591.6	57.9859
ENSG00000044012.4	0.0000
ENSG00000044090.10	14.5364
ENSG00000044115.21	87.3293
ENSG00000044446.12	4.1991
ENSG00000044459.15	0.7145
ENSG00000044524.11	7.8081
ENSG00000044574.8	414.4295
ENSG00000046604.13	35.7678
ENSG00000046647.13	19.7812
ENSG00000046651.15	21.6825
ENSG00000046653.15	4.5124
ENSG00000046774.10	0.0000
ENSG00000046889.19	0.9988
ENSG00000047056.16	11.1446
ENSG00000047188.16	4.0746
ENSG00000047230.15	15.0851
ENSG00000047249.18	44.4176
ENSG00000047315.17	20.0010
ENSG00000047346.12	12.3301
ENSG00000047365.12	0.7151
ENSG00000047410.14	10.1526
ENSG00000047457.14	0.0082
ENSG00000047578.13	15.0504
ENSG00000047579.20	17.0868
ENSG00000047597.7	0.5465
ENSG00000047617.15	0.0646
ENSG00000047621.12	5.8731
ENSG00000047634.15	3.5899
ENSG00000047644.19	10.4699
ENSG00000047648.23	40.1111
ENSG00000047662.5	0.2743
ENSG00000047849.21	32.5710
ENSG00000047932.14	22.0930
ENSG00000047936.11	0.0000
ENSG00000048028.11	8.9089
ENSG00000048052.22	0.5168
ENSG00000048140.18	15.1694
ENSG00000048162.21	19.3772
ENSG00000048342.17	3.4861
ENSG00000048392.12	28.2351
ENSG00000048405.10	10.4984
ENSG00000048462.11	0.1137
ENSG00000048471.14	2.6810
ENSG00000048540.15	1.1538
ENSG00000048544.6	40.4732
ENSG00000048545.16	0.0000
ENSG00000048649.13	9.3040
ENSG00000048707.15	8.1573
ENSG00000048740.18	7.1693
ENSG00000048828.17	81.0093
ENSG00000048991.16	8.1313
ENSG00000049089.15	177.8124
ENSG00000049130.16	6.2862
ENSG00000049167.15	1.7718
ENSG00000049192.15	0.1078
ENSG00000049239.13	15.1711
ENSG00000049245.13	53.0141
ENSG00000049246.14	6.5759
ENSG00000049247.14	0.0000
ENSG00000049249.9	0.0363
ENSG00000049283.18	37.5576
ENSG00000049323.16	29.4945
ENSG00000049449.10	65.2879
ENSG00000049540.18	27.5589
ENSG00000049541.11	27.7936
ENSG00000049618.24	4.1570
ENSG00000049656.14	47.9389
ENSG00000049759.19	26.5513
ENSG00000049768.16	0.7853
ENSG00000049769.14	3.3213
ENSG00000049860.14	53.4325
ENSG00000049883.15	2.0909
ENSG00000050030.16	1.6976
ENSG00000050130.18	23.9559
ENSG00000050165.18	8.9317
ENSG00000050327.15	6.8134
ENSG00000050344.9	3.6742
ENSG00000050393.11	21.3390
ENSG00000050405.13	40.2912
ENSG00000050426.16	43.0749
ENSG00000050438.17	0.1707
ENSG00000050555.19	2.3561
ENSG00000050628.20	0.4423
ENSG00000050730.16	0.0308
ENSG00000050748.18	26.9207
ENSG00000050767.17	0.4803
ENSG00000050820.17	14.5147
ENSG00000051009.11	19.0221
ENSG00000051108.15	219.0749
ENSG00000051128.19	6.1040
ENSG00000051180.17	5.1826
ENSG00000051341.14	0.5535
ENSG00000051382.9	14.7767
ENSG00000051523.11	4.0265
ENSG00000051596.10	4.0821
ENSG00000051620.11	81.8361
ENSG00000051825.15	1.5064
ENSG00000052126.14	8.6290
ENSG00000052344.16	131.6167
ENSG00000052723.12	12.6288
ENSG00000052749.14	10.7636
ENSG00000052795.13	4.1354
ENSG00000052802.13	43.7411
ENSG00000052841.15	23.7986
ENSG00000052850.8	0.6247
ENSG00000053108.17	2.6310
ENSG00000053254.16	15.0797
ENSG00000053328.8	1.0083
ENSG00000053371.12	61.2973
ENSG00000053372.5	53.5473
ENSG00000053438.11	0.8249
ENSG00000053501.13	52.0046
ENSG00000053524.12	0.0393
ENSG00000053702.15	1.4764
ENSG00000053747.17	1.3382
ENSG00000053770.12	7.3262
ENSG00000053900.11	8.2242
ENSG00000053918.18	9.4384
ENSG00000054116.12	41.5867
ENSG00000054118.15	108.5196
ENSG00000054148.18	185.7746
ENSG00000054179.12	42.9917
ENSG00000054219.11	0.3277
ENSG00000054267.22	13.2828
ENSG00000054277.14	0.1549
ENSG00000054282.16	8.4800
ENSG00000054356.14	0.0210
ENSG00000054392.13	1.0420
ENSG00000054523.18	5.4793
ENSG00000054598.9	7.0841
ENSG00000054611.14	12.0070
ENSG00000054654.19	3.5893
ENSG00000054690.14	27.6089
ENSG00000054793.14	24.1726
ENSG00000054796.13	0.0000
ENSG00000054803.4	0.0915
ENSG00000054938.16	5.7229
ENSG00000054965.11	20.2140
ENSG00000054967.13	0.0839
ENSG00000054983.17	12.2838
ENSG00000055044.11	40.2885
ENSG00000055070.17	51.0451
ENSG00000055118.16	4.4829
ENSG00000055130.17	32.5194
ENSG00000055147.19	12.7379
ENSG00000055163.20	9.7836
ENSG00000055208.19	46.8663
ENSG00000055211.14	46.2635
ENSG00000055332.18	14.3595
ENSG00000055483.19	9.3721
ENSG00000055609.19	11.9838
ENSG00000055732.13	0.0784
ENSG00000055813.6	0.0281
ENSG00000055917.16	61.5843
ENSG00000055950.16	49.4004
ENSG00000055955.17	0.1486
ENSG00000055957.11	0.0127
ENSG00000056050.7	38.3051
ENSG00000056097.16	32.8856
ENSG00000056277.16	2.7619
ENSG00000056291.17	0.0000
ENSG00000056487.16	6.3589
ENSG00000056558.11	3.6611
ENSG00000056586.16	7.9593
ENSG00000056736.10	11.8663
ENSG00000056972.20	7.0083
ENSG00000056998.20	4.8921
ENSG00000057019.16	2.7316
ENSG00000057149.16	0.0000
ENSG00000057252.13	51.2102
ENSG00000057294.15	7.3844
ENSG00000057468.7	0.1941
ENSG00000057593.14	0.5164
ENSG00000057608.17	151.2481
ENSG00000057657.17	0.7523
ENSG00000057663.16	8.6832
ENSG00000057704.13	41.3176
ENSG00000057757.10	131.6265
ENSG00000057935.14	21.9624
ENSG00000058056.9	7.1746
ENSG00000058063.16	26.5424
ENSG00000058085.15	2.1563
ENSG00000058091.17	9.9910
ENSG00000058262.10	294.5616
ENSG00000058272.19	14.1870
ENSG00000058335.16	0.6882
ENSG00000058404.20	15.5515
ENSG00000058453.17	15.3241
ENSG00000058600.16	13.4977
ENSG00000058668.15	10.1607
ENSG00000058673.17	0.0090
ENSG00000058729.11	13.7709
ENSG00000058799.15	178.2896
ENSG00000058804.12	9.5598
ENSG00000058866.15	0.1472
ENSG00000059122.17	10.9581
ENSG00000059145.19	3.9345
ENSG00000059377.18	2.1255
ENSG00000059378.13	20.4205
ENSG00000059573.9	83.8730
ENSG00000059588.10	14.4050
ENSG00000059691.12	5.7401
ENSG00000059728.11	7.3319
ENSG00000059758.8	19.6382
ENSG00000059769.20	20.2752
ENSG00000059804.16	6.1683
ENSG00000059915.17	0.7914
ENSG00000060069.17	9.5588
ENSG00000060138.13	39.9042
ENSG00000060140.9	27.4919
ENSG00000060237.18	19.9249
ENSG00000060303.5	0.0000
ENSG00000060339.14	41.3021
ENSG00000060491.16	38.7783
ENSG00000060558.4	2.9762
ENSG00000060566.14	0.0000
ENSG00000060642.11	11.8900
ENSG00000060656.20	8.1776
ENSG00000060688.13	16.5221
ENSG00000060709.15	0.0598
ENSG00000060718.22	0.8442
ENSG00000060749.16	3.7716
ENSG00000060762.19	70.8760
ENSG00000060971.19	42.6303
ENSG00000060982.15	0.4903
ENSG00000061273.18	13.3326
ENSG00000061337.15	0.7382
ENSG00000061455.11	1.9567
ENSG00000061492.12	0.0000
ENSG00000061656.10	0.8355
ENSG00000061676.15	12.8418
ENSG00000061794.13	116.8372
ENSG00000061918.14	8.5586
ENSG00000061936.10	14.1952
ENSG00000061938.20	36.9202
ENSG00000061987.16	8.2765
ENSG00000062038.14	4.3019
ENSG00000062096.15	0.1308
ENSG00000062194.16	49.1779
ENSG00000062282.15	0.2336
ENSG00000062370.17	4.9784
ENSG00000062485.19	54.6452
ENSG00000062524.16	0.1818
ENSG00000062582.14	0.0664
ENSG00000062598.18	23.7732
ENSG00000062650.19	16.5215
ENSG00000062716.13	49.8129
ENSG00000062725.10	11.4585
ENSG00000062822.15	5.0755
ENSG00000063015.20	0.0930
ENSG00000063046.18	257.1470
ENSG00000063127.16	1.4148
ENSG00000063169.11	13.1419
ENSG00000063176.16	8.1525
ENSG00000063177.13	1664.6697
ENSG00000063180.9	2.9651
ENSG00000063241.8	28.3662
ENSG00000063244.13	107.8180
ENSG00000063245.15	30.8027
ENSG00000063322.15	78.7885
ENSG00000063438.19	0.0061
ENSG00000063515.3	0.0440
ENSG00000063587.15	13.8959
ENSG00000063601.17	17.2337
ENSG00000063660.9	10.0415
ENSG00000063761.16	6.9987
ENSG00000063854.13	21.3748
ENSG00000063978.16	19.4896
ENSG00000064012.22	4.5329
ENSG00000064042.18	33.7431
ENSG00000064102.15	21.2772
ENSG00000064115.11	9.8650
ENSG00000064195.7	4.1443
ENSG00000064199.7	2.8297
ENSG00000064201.16	0.2128
ENSG00000064205.10	5.3287
ENSG00000064218.5	0.0214
ENSG00000064225.12	0.4038
ENSG00000064270.13	12.9341
ENSG00000064300.9	5.0441
ENSG00000064309.14	0.8873
ENSG00000064313.12	7.4978
ENSG00000064393.16	28.9909
ENSG00000064419.13	20.4841
ENSG00000064489.23	0.0897
ENSG00000064490.14	47.0277
ENSG00000064545.15	37.9867
ENSG00000064547.14	21.2379
ENSG00000064601.20	14.7712
ENSG00000064607.17	31.3240
ENSG00000064651.14	12.1490
ENSG00000064652.11	7.7732
ENSG00000064655.19	63.9847
ENSG00000064666.15	25.5692
ENSG00000064687.13	0.9205
ENSG00000064692.20	0.1826
ENSG00000064703.12	7.1597
ENSG00000064726.10	31.2205
ENSG00000064763.11	1.0770
ENSG00000064787.13	34.8984
ENSG00000064835.11	0.0737
ENSG00000064886.14	0.1401
ENSG00000064932.16	33.9921
ENSG00000064933.18	10.2939
ENSG00000064961.19	463.3591
ENSG00000064989.13	0.8289
ENSG00000064995.18	35.9435
ENSG00000064999.15	11.4071
ENSG00000065000.19	50.7070
ENSG00000065029.15	27.9402
ENSG00000065054.14	196.3413
ENSG00000065057.9	13.9147
ENSG00000065060.17	5.0200
ENSG00000065135.12	21.5709
ENSG00000065150.21	34.4630
ENSG00000065154.12	20.7608
ENSG00000065183.16	7.0414
ENSG00000065243.20	17.8115
ENSG00000065268.11	55.4011
ENSG00000065308.5	10.5134
ENSG00000065320.9	0.4767
ENSG00000065325.13	0.0101
ENSG00000065328.17	0.5288
ENSG00000065357.20	4.3542
ENSG00000065361.16	134.2267
ENSG00000065371.17	0.0128
ENSG00000065413.20	0.7783
ENSG00000065427.15	103.5799
ENSG00000065457.10	7.7046
ENSG00000065485.20	42.6622
ENSG00000065491.8	12.1836
ENSG00000065518.8	197.8499
ENSG00000065526.12	15.6046
ENSG00000065534.19	37.0149
ENSG00000065548.18	51.9043
ENSG00000065559.15	19.1731
ENSG00000065600.13	8.3871
ENSG00000065609.14	0.9890
ENSG00000065613.15	23.2384
ENSG00000065615.14	3.0047
ENSG00000065618.21	0.2312
ENSG00000065621.15	15.7013
ENSG00000065665.21	4.0373
ENSG00000065675.15	0.1051
ENSG00000065717.15	12.8611
ENSG00000065802.12	7.1902
ENSG00000065809.13	77.6609
ENSG00000065833.9	5.1513
ENSG00000065882.16	3.8893
ENSG00000065883.16	5.3229
ENSG00000065911.13	25.2628
ENSG00000065923.10	10.7828
ENSG00000065970.9	9.5756
ENSG00000065978.19	278.1380
ENSG00000065989.16	0.8874
ENSG00000066027.12	17.0088
ENSG00000066032.18	2.5960
ENSG00000066044.15	37.7684
ENSG00000066056.14	1.5060
ENSG00000066084.13	11.3551
ENSG00000066117.15	35.3291
ENSG00000066135.13	14.8371
ENSG00000066136.20	29.9198
ENSG00000066185.13	12.1170
ENSG00000066230.12	0.2106
ENSG00000066248.15	0.9437
ENSG00000066279.18	0.9698
ENSG00000066294.15	0.1621
ENSG00000066322.15	73.4503
ENSG00000066336.12	3.8185
ENSG00000066379.15	7.0712
ENSG00000066382.16	10.0732
ENSG00000066405.13	0.0000
ENSG00000066422.5	9.1546
ENSG00000066427.24	12.1841
ENSG00000066455.13	112.1075
ENSG00000066468.23	1.5910
ENSG00000066557.6	16.9673
ENSG00000066583.12	43.4095
ENSG00000066629.18	3.6378
ENSG00000066651.20	5.4656
ENSG00000066654.14	67.1981
ENSG00000066697.15	9.8420
ENSG00000066735.14	0.1196
ENSG00000066739.12	8.0100
ENSG00000066777.9	18.9711
ENSG00000066813.14	0.0000
ENSG00000066827.16	3.0990
ENSG00000066855.16	22.4746
ENSG00000066923.17	0.2891
ENSG00000066926.12	52.2752
ENSG00000066933.16	2.7771
ENSG00000067048.17	18.3191
ENSG00000067057.18	17.3895
ENSG00000067064.11	34.5011
ENSG00000067066.17	9.8754
ENSG00000067082.15	15.6683
ENSG00000067113.17	189.9812
ENSG00000067141.17	55.2617
ENSG00000067167.8	127.2748
ENSG00000067177.15	10.8314
ENSG00000067182.8	45.1812
ENSG00000067191.16	0.8618
ENSG00000067208.14	5.7171
ENSG00000067221.14	4.8001
ENSG00000067225.18	128.3413
ENSG00000067248.10	17.4895
ENSG00000067334.14	22.4572
ENSG00000067365.15	3.6282
ENSG00000067369.14	4.6958
ENSG00000067445.21	0.7990
ENSG00000067533.6	5.8529
ENSG00000067560.13	140.7402
ENSG00000067596.12	6.0415
ENSG00000067601.8	8.2039
ENSG00000067606.17	8.3833
ENSG00000067646.12	6.1263
ENSG00000067704.10	77.3488
ENSG00000067715.14	3.6396
ENSG00000067798.16	0.6432
ENSG00000067829.19	73.9687
ENSG00000067836.13	13.1756
ENSG00000067840.12	7.1512
ENSG00000067842.17	0.0153
ENSG00000067900.8	9.4614
ENSG00000067955.15	24.0876
ENSG00000067992.16	5.1993
ENSG00000068001.14	21.3916
ENSG00000068024.17	2.5579
ENSG00000068028.17	14.8835
ENSG00000068078.20	23.5660
ENSG00000068079.8	44.2336
ENSG00000068097.15	9.1896
ENSG00000068120.15	46.6961
ENSG00000068137.15	12.4581
ENSG00000068305.17	8.0323
ENSG00000068308.14	68.5000
ENSG00000068323.17	23.4261
ENSG00000068354.16	8.0165
ENSG00000068366.20	2.6885
ENSG00000068383.19	21.5434
ENSG00000068394.11	25.8924
ENSG00000068400.13	22.1661
ENSG00000068438.15	20.5530
ENSG00000068489.13	2.4474
ENSG00000068615.19	3.3855
ENSG00000068650.18	0.8907
ENSG00000068654.16	9.6289
ENSG00000068697.7	439.4763
ENSG00000068724.17	4.0584
ENSG00000068745.15	62.2564
ENSG00000068781.21	0.1344
ENSG00000068784.13	9.4701
ENSG00000068796.19	2.9094
ENSG00000068831.19	1.6976
ENSG00000068878.15	17.3292
ENSG00000068885.15	4.9144
ENSG00000068903.20	25.6151
ENSG00000068912.14	92.4063
ENSG00000068971.14	19.6458
ENSG00000068976.14	3.5924
ENSG00000068985.5	0.0000
ENSG00000069011.16	13.5619
ENSG00000069018.19	0.0306
ENSG00000069020.18	4.5217
ENSG00000069122.19	1.4336
ENSG00000069188.17	6.5018
ENSG00000069206.15	0.1545
ENSG00000069248.12	13.7777
ENSG00000069275.13	104.5849
ENSG00000069329.18	35.2562
ENSG00000069345.12	55.1954
ENSG00000069399.15	29.4473
ENSG00000069424.15	1.3086
ENSG00000069431.11	0.6160
ENSG00000069482.7	6.8354
ENSG00000069493.15	2.8456
ENSG00000069509.6	59.7668
ENSG00000069535.14	1337.4296
ENSG00000069667.16	1.3626
ENSG00000069696.7	2.1143
ENSG00000069702.11	4.4266
ENSG00000069764.10	0.5371
ENSG00000069812.11	1.1098
ENSG00000069849.11	59.8398
ENSG00000069869.16	2.0558
ENSG00000069943.10	4.4718
ENSG00000069956.12	19.4480
ENSG00000069966.19	3.0647
ENSG00000069974.16	54.3130
ENSG00000069998.12	21.5795
ENSG00000070010.19	14.8189
ENSG00000070018.9	7.5236
ENSG00000070019.5	0.0413
ENSG00000070031.4	2.0843
ENSG00000070047.13	24.0978
ENSG00000070061.16	3.3344
ENSG00000070081.17	74.0044
ENSG00000070087.14	91.8177
ENSG00000070159.14	8.2612
ENSG00000070182.21	0.0546
ENSG00000070190.13	0.3143
ENSG00000070193.5	0.1713
ENSG00000070214.16	10.3816
ENSG00000070269.14	6.6551
ENSG00000070366.14	3.2050
ENSG00000070367.16	9.1835
ENSG00000070371.16	0.9529
ENSG00000070388.11	1.3086
ENSG00000070404.10	15.5620
ENSG00000070413.20	89.6760
ENSG00000070423.18	34.0323
ENSG00000070444.15	6.2138
ENSG00000070476.15	9.0224
ENSG00000070495.15	16.5206
ENSG00000070501.12	11.7763
ENSG00000070526.15	26.8796
ENSG00000070540.13	17.9563
ENSG00000070601.10	1.1808
ENSG00000070610.14	37.7706
ENSG00000070614.15	15.9937
ENSG00000070669.17	0.3653
ENSG00000070718.12	4.4866
ENSG00000070729.14	0.0079
ENSG00000070731.11	0.2114
ENSG00000070748.19	0.0000
ENSG00000070756.17	842.0878
ENSG00000070759.17	30.2327
ENSG00000070761.8	21.4812
ENSG00000070770.10	11.7652
ENSG00000070778.13	3.9420
ENSG00000070785.17	19.3352
ENSG00000070808.16	0.0840
ENSG00000070814.22	11.9498
ENSG00000070831.17	25.5433
ENSG00000070882.13	0.9559
ENSG00000070886.12	0.3716
ENSG00000070915.10	0.0280
ENSG00000070950.10	4.5771
ENSG00000070961.16	8.8981
ENSG00000070985.13	0.0437
ENSG00000071051.14	45.8699
ENSG00000071054.16	18.5487
ENSG00000071073.13	7.3534
ENSG00000071082.11	760.3488
ENSG00000071127.17	62.4266
ENSG00000071189.21	6.4315
ENSG00000071203.9	0.0000
ENSG00000071205.12	4.0238
ENSG00000071242.12	20.1685
ENSG00000071243.16	5.1487
ENSG00000071246.11	0.6630
ENSG00000071282.12	2.1546
ENSG00000071462.12	27.7064
ENSG00000071537.14	99.3053
ENSG00000071539.14	4.6070
ENSG00000071553.18	150.3396
ENSG00000071564.17	27.7041
ENSG00000071575.11	9.3821
ENSG00000071626.17	33.7201
ENSG00000071655.18	25.7608
ENSG00000071677.1	1.9671
ENSG00000071794.16	5.7950
ENSG00000071859.15	111.8524
ENSG00000071889.17	31.2500
ENSG00000071894.17	60.8157
ENSG00000071909.19	0.1121
ENSG00000071967.12	20.0704
ENSG00000071991.9	0.2522
ENSG00000071994.11	25.9815
ENSG00000072041.17	0.0066
ENSG00000072042.13	1041.2224
ENSG00000072062.15	26.0933
ENSG00000072071.16	1.6521
ENSG00000072080.11	0.0000
ENSG00000072110.15	48.1629
ENSG00000072121.17	2.6373
ENSG00000072133.11	6.0759
ENSG00000072134.15	3.7261
ENSG00000072135.13	46.2454
ENSG00000072163.20	12.3914
ENSG00000072182.13	0.0659
ENSG00000072195.15	3.4013
ENSG00000072201.14	5.8583
ENSG00000072210.19	25.9168
ENSG00000072274.13	4.1977
ENSG00000072310.17	99.4982
ENSG00000072315.3	0.0000
ENSG00000072364.13	19.6361
ENSG00000072401.15	15.6522
ENSG00000072415.10	7.8310
ENSG00000072422.17	8.3431
ENSG00000072501.19	11.8119
ENSG00000072506.13	189.3966
ENSG00000072518.21	19.1520
ENSG00000072571.20	2.3920
ENSG00000072609.18	4.0900
ENSG00000072657.9	0.0659
ENSG00000072682.19	4.4341
ENSG00000072694.21	0.3036
ENSG00000072736.19	2.2082
ENSG00000072756.17	8.1052
ENSG00000072778.20	239.2560
ENSG00000072786.13	1.4951
ENSG00000072803.17	15.5504
ENSG00000072818.12	2.1541
ENSG00000072832.15	4.1617
ENSG00000072840.13	3.3438
ENSG00000072849.11	28.2765
ENSG00000072858.11	3.1966
ENSG00000072864.16	2.9774
ENSG00000072952.19	13.3162
ENSG00000072954.7	14.3721
ENSG00000072958.9	7.0786
ENSG00000073008.15	12.4524
ENSG00000073050.12	32.4555
ENSG00000073060.16	14.9377
ENSG00000073067.14	0.1654
ENSG00000073111.14	2.8514
ENSG00000073146.16	13.5352
ENSG00000073150.14	36.1492
ENSG00000073169.14	74.2325
ENSG00000073282.14	0.0386
ENSG00000073331.18	1.8538
ENSG00000073350.14	32.6263
ENSG00000073417.15	4.2605
ENSG00000073464.13	0.1679
ENSG00000073536.18	12.8998
ENSG00000073578.17	2.4555
ENSG00000073584.20	2.4430
ENSG00000073598.6	0.1280
ENSG00000073605.18	7.8368
ENSG00000073614.13	8.6247
ENSG00000073670.14	2.2059
ENSG00000073711.11	4.6620
ENSG00000073712.15	15.6474
ENSG00000073734.10	0.4787
ENSG00000073737.17	1.6002
ENSG00000073754.6	0.0000
ENSG00000073756.12	3.4522
ENSG00000073792.16	0.1732
ENSG00000073803.14	11.4496
ENSG00000073849.16	3.4801
ENSG00000073861.3	0.0440
ENSG00000073905.8	0.0680
ENSG00000073910.22	2.0446
ENSG00000073921.18	59.2933
ENSG00000073969.18	30.2282
ENSG00000074047.22	0.4186
ENSG00000074054.20	13.1899
ENSG00000074071.15	191.7557
ENSG00000074181.9	4.9986
ENSG00000074201.9	60.2832
ENSG00000074211.14	5.8157
ENSG00000074219.14	8.3647
ENSG00000074266.22	5.0097
ENSG00000074276.10	0.0216
ENSG00000074317.11	0.0575
ENSG00000074319.13	59.5336
ENSG00000074356.17	9.3059
ENSG00000074370.18	9.5429
ENSG00000074410.14	2.3664
ENSG00000074416.14	5.4589
ENSG00000074527.13	2.4191
ENSG00000074582.15	37.4656
ENSG00000074590.13	0.7328
ENSG00000074603.19	9.7591
ENSG00000074621.14	1.9691
ENSG00000074657.14	14.4130
ENSG00000074660.16	3.1073
ENSG00000074695.6	76.7415
ENSG00000074696.13	35.2274
ENSG00000074706.13	0.5447
ENSG00000074755.15	6.5153
ENSG00000074771.4	0.0000
ENSG00000074800.16	219.4544
ENSG00000074803.20	0.0090
ENSG00000074842.8	270.2622
ENSG00000074855.11	3.2626
ENSG00000074935.14	4.7141
ENSG00000074964.17	8.5239
ENSG00000074966.11	0.2497
ENSG00000075035.10	0.4366
ENSG00000075043.19	0.1581
ENSG00000075073.15	6.8325
ENSG00000075089.9	16.1618
ENSG00000075131.10	5.2456
ENSG00000075142.14	27.8948
ENSG00000075151.21	13.8360
ENSG00000075188.9	12.0431
ENSG00000075213.11	0.2493
ENSG00000075218.19	2.9601
ENSG00000075223.14	170.4736
ENSG00000075234.17	75.0695
ENSG00000075239.14	20.0071
ENSG00000075240.17	5.5923
ENSG00000075275.18	3.9163
ENSG00000075290.8	0.1615
ENSG00000075292.19	29.0587
ENSG00000075303.13	15.7078
ENSG00000075336.12	9.9481
ENSG00000075340.23	0.0319
ENSG00000075388.4	2.7711
ENSG00000075391.17	2.3359
ENSG00000075399.14	15.3409
ENSG00000075407.18	5.4070
ENSG00000075413.19	8.6431
ENSG00000075415.13	91.3384
ENSG00000075420.13	5.6601
ENSG00000075426.12	23.7105
ENSG00000075429.9	0.0109
ENSG00000075461.6	0.9985
ENSG00000075539.15	7.5188
ENSG00000075568.17	12.7065
ENSG00000075618.18	7.0664
ENSG00000075624.17	1686.4699
ENSG00000075643.6	1.4464
ENSG00000075651.16	0.4846
ENSG00000075673.12	0.0000
ENSG00000075702.18	0.8702
ENSG00000075711.21	4.5667
ENSG00000075785.14	80.8088
ENSG00000075790.12	0.6463
ENSG00000075826.17	5.1490
ENSG00000075856.12	17.0149
ENSG00000075884.14	0.4520
ENSG00000075886.11	1.0278
ENSG00000075891.22	0.0543
ENSG00000075914.13	25.0268
ENSG00000075945.13	10.3857
ENSG00000075975.17	9.7378
ENSG00000076003.5	6.2236
ENSG00000076043.11	65.8741
ENSG00000076053.12	5.0200
ENSG00000076067.13	3.2042
ENSG00000076108.12	18.0501
ENSG00000076201.15	32.9693
ENSG00000076242.16	11.3158
ENSG00000076248.11	39.5334
ENSG00000076258.10	2.2245
ENSG00000076321.11	5.7919
ENSG00000076344.16	7.1555
ENSG00000076351.13	5.8688
ENSG00000076356.7	1.2170
ENSG00000076382.17	4.9540
ENSG00000076513.17	14.0524
ENSG00000076554.15	181.0999
ENSG00000076555.15	2.1680
ENSG00000076604.15	50.9001
ENSG00000076641.4	27.8481
ENSG00000076650.7	10.5486
ENSG00000076662.10	0.0828
ENSG00000076685.19	4.9195
ENSG00000076706.17	25.1500
ENSG00000076716.9	8.0751
ENSG00000076770.14	2.2704
ENSG00000076826.10	50.9079
ENSG00000076864.19	54.1217
ENSG00000076924.12	74.4546
ENSG00000076928.18	28.1012
ENSG00000076944.16	36.8710
ENSG00000076984.18	20.9832
ENSG00000077009.13	0.0506
ENSG00000077044.11	16.3773
ENSG00000077063.11	0.4223
ENSG00000077080.10	0.0000
ENSG00000077092.19	5.9621
ENSG00000077097.15	61.9399
ENSG00000077147.16	152.4759
ENSG00000077150.20	55.8283
ENSG00000077152.11	12.5042
ENSG00000077157.22	22.3695
ENSG00000077232.18	30.1893
ENSG00000077235.18	58.1003
ENSG00000077238.14	8.6101
ENSG00000077254.14	28.6003
ENSG00000077264.15	0.6408
ENSG00000077274.9	0.6861
ENSG00000077279.19	0.0113
ENSG00000077312.9	138.4287
ENSG00000077327.16	6.3864
ENSG00000077348.9	70.8188
ENSG00000077380.16	16.5129
ENSG00000077420.16	0.6156
ENSG00000077454.16	3.3241
ENSG00000077458.13	8.5533
ENSG00000077463.15	29.5747
ENSG00000077498.9	0.0000
ENSG00000077514.9	5.3180
ENSG00000077522.14	0.1523
ENSG00000077549.19	45.1781
ENSG00000077585.14	4.8022
ENSG00000077616.11	0.4830
ENSG00000077684.16	10.5433
ENSG00000077713.19	18.2310
ENSG00000077721.16	24.0578
ENSG00000077782.21	11.6482
ENSG00000077800.13	0.0608
ENSG00000077935.17	2.6999
ENSG00000077942.19	39.3809
ENSG00000077943.8	17.4995
ENSG00000077984.6	4.1446
ENSG00000078018.20	3.7695
ENSG00000078043.16	17.2231
ENSG00000078053.17	0.3889
ENSG00000078061.13	38.5381
ENSG00000078070.13	18.6314
ENSG00000078081.8	0.8080
ENSG00000078098.14	0.6128
ENSG00000078114.19	5.2679
ENSG00000078124.12	2.8229
ENSG00000078140.14	44.0890
ENSG00000078142.13	5.3859
ENSG00000078177.14	7.2751
ENSG00000078237.7	0.9043
ENSG00000078246.17	16.5171
ENSG00000078269.15	14.2674
ENSG00000078295.17	4.8565
ENSG00000078304.19	15.1350
ENSG00000078319.10	5.2536
ENSG00000078328.22	0.0073
ENSG00000078369.18	126.3363
ENSG00000078399.19	44.7455
ENSG00000078401.7	1.6162
ENSG00000078403.17	8.2728
ENSG00000078487.17	4.7302
ENSG00000078549.15	0.0661
ENSG00000078579.9	4.9234
ENSG00000078589.13	0.0807
ENSG00000078596.11	3.9668
ENSG00000078618.22	42.7498
ENSG00000078668.14	39.4348
ENSG00000078674.18	9.6338
ENSG00000078687.17	8.6570
ENSG00000078699.22	24.0213
ENSG00000078725.13	0.2234
ENSG00000078747.16	10.4512
ENSG00000078795.17	0.1860
ENSG00000078804.13	36.7829
ENSG00000078808.19	89.9816
ENSG00000078814.17	9.4244
ENSG00000078898.7	0.0968
ENSG00000078900.15	1.1767
ENSG00000078902.16	47.2372
ENSG00000078967.13	16.8514
ENSG00000079101.16	2.1904
ENSG00000079102.16	0.4220
ENSG00000079112.10	0.5803
ENSG00000079134.12	14.1867
ENSG00000079150.18	8.0744
ENSG00000079156.17	5.7812
ENSG00000079215.14	0.5066
ENSG00000079246.16	87.9828
ENSG00000079257.8	7.4746
ENSG00000079263.19	0.3101
ENSG00000079277.22	7.9213
ENSG00000079308.19	34.7000
ENSG00000079313.15	12.7007
ENSG00000079332.15	47.2024
ENSG00000079335.20	60.0322
ENSG00000079337.16	1.2440
ENSG00000079385.23	4.7293
ENSG00000079387.14	5.8607
ENSG00000079393.20	0.0736
ENSG00000079432.7	13.0365
ENSG00000079435.10	0.5814
ENSG00000079459.13	66.4279
ENSG00000079462.8	96.9411
ENSG00000079482.13	6.3415
ENSG00000079557.5	0.0000
ENSG00000079616.13	36.7006
ENSG00000079689.14	0.3115
ENSG00000079691.18	5.1866
ENSG00000079739.17	18.5968
ENSG00000079785.16	20.4305
ENSG00000079805.18	27.4534
ENSG00000079819.19	3.4218
ENSG00000079841.18	2.9193
ENSG00000079931.15	13.8315
ENSG00000079950.14	7.6444
ENSG00000079974.18	5.5450
ENSG00000079999.14	72.3323
ENSG00000080007.8	0.3389
ENSG00000080031.10	0.0664
ENSG00000080166.16	0.1454
ENSG00000080189.15	27.8175
ENSG00000080200.10	0.6254
ENSG00000080224.17	6.4112
ENSG00000080293.10	0.0845
ENSG00000080298.15	21.3105
ENSG00000080345.18	5.0789
ENSG00000080371.6	10.8909
ENSG00000080493.18	216.5887
ENSG00000080503.24	11.1244
ENSG00000080511.5	0.0000
ENSG00000080546.13	47.2335
ENSG00000080561.14	10.0828
ENSG00000080572.13	0.0590
ENSG00000080573.7	1.5227
ENSG00000080603.17	0.4018
ENSG00000080608.10	26.5743
ENSG00000080618.17	0.0431
ENSG00000080644.16	2.4360
ENSG00000080709.16	4.0243
ENSG00000080802.19	11.2039
ENSG00000080815.19	16.7877
ENSG00000080819.9	15.3894
ENSG00000080822.17	24.0329
ENSG00000080823.23	2.7469
ENSG00000080824.19	966.8244
ENSG00000080839.12	2.4220
ENSG00000080845.18	20.6699
ENSG00000080854.16	0.9497
ENSG00000080910.13	0.0000
ENSG00000080947.15	1.5376
ENSG00000080986.13	6.0883
ENSG00000081014.11	3.2719
ENSG00000081019.13	10.7550
ENSG00000081026.19	7.6601
ENSG00000081041.9	1.4033
ENSG00000081051.8	0.1983
ENSG00000081052.13	0.9251
ENSG00000081059.20	7.9008
ENSG00000081087.15	8.3328
ENSG00000081138.14	0.2184
ENSG00000081148.12	0.0691
ENSG00000081154.12	96.9644
ENSG00000081177.18	14.8790
ENSG00000081181.8	96.0253
ENSG00000081189.16	1.6395
ENSG00000081237.20	0.6105
ENSG00000081248.11	0.6768
ENSG00000081277.13	16.2763
ENSG00000081307.14	22.0811
ENSG00000081320.11	6.2482
ENSG00000081377.17	2.6000
ENSG00000081386.12	5.1454
ENSG00000081479.15	0.0036
ENSG00000081665.14	5.9958
ENSG00000081692.12	5.7233
ENSG00000081721.12	16.2428
ENSG00000081760.17	7.0152
ENSG00000081791.9	28.7928
ENSG00000081800.9	0.0000
ENSG00000081803.16	24.9116
ENSG00000081818.4	1.8193
ENSG00000081842.18	0.4138
ENSG00000081853.15	0.1288
ENSG00000081870.12	26.7583
ENSG00000081913.14	12.7311
ENSG00000081923.15	40.2955
ENSG00000081985.13	0.1712
ENSG00000082014.17	3.5895
ENSG00000082068.9	10.2298
ENSG00000082074.19	0.7848
ENSG00000082126.18	0.0234
ENSG00000082146.13	34.5262
ENSG00000082153.18	24.7933
ENSG00000082175.15	0.5734
ENSG00000082196.21	3.9593
ENSG00000082212.13	11.0451
ENSG00000082213.18	14.6410
ENSG00000082258.13	8.3365
ENSG00000082269.17	5.9541
ENSG00000082293.13	1.0317
ENSG00000082397.17	0.3452
ENSG00000082438.17	28.2661
ENSG00000082458.12	34.1148
ENSG00000082482.14	0.0672
ENSG00000082497.12	1.3186
ENSG00000082512.15	2.6350
ENSG00000082515.18	14.4143
ENSG00000082516.9	8.7717
ENSG00000082556.14	9.6983
ENSG00000082641.16	76.9642
ENSG00000082684.16	0.1897
ENSG00000082701.17	7.6844
ENSG00000082781.12	57.4265
ENSG00000082805.20	6.6585
ENSG00000082898.18	10.0601
ENSG00000082929.8	0.0000
ENSG00000082996.20	61.5930
ENSG00000083067.23	0.2047
ENSG00000083093.10	4.3759
ENSG00000083097.14	3.0502
ENSG00000083099.11	13.5024
ENSG00000083123.15	31.9758
ENSG00000083168.11	2.1820
ENSG00000083223.18	76.1032
ENSG00000083290.20	10.5076
ENSG00000083307.12	87.9482
ENSG00000083312.17	29.3444
ENSG00000083444.17	63.5580
ENSG00000083454.22	0.5876
ENSG00000083457.12	5.6023
ENSG00000083520.15	5.4532
ENSG00000083535.16	7.4284
ENSG00000083544.16	12.5315
ENSG00000083622.8	0.0000
ENSG00000083635.8	23.2462
ENSG00000083642.19	5.2507
ENSG00000083720.13	34.8036
ENSG00000083750.13	13.2192
ENSG00000083782.8	0.0000
ENSG00000083799.18	6.3796
ENSG00000083807.10	5.8025
ENSG00000083812.12	3.6776
ENSG00000083814.13	3.1530
ENSG00000083817.9	4.2397
ENSG00000083828.16	5.1068
ENSG00000083838.16	4.0904
ENSG00000083844.10	8.2371
ENSG00000083845.9	837.9181
ENSG00000083857.14	16.4498
ENSG00000083896.13	35.1884
ENSG00000083937.10	12.5230
ENSG00000084070.12	42.3985
ENSG00000084072.17	15.0996
ENSG00000084073.10	79.2637
ENSG00000084090.13	60.3417
ENSG00000084092.7	43.1848
ENSG00000084093.19	11.2544
ENSG00000084110.11	0.0897
ENSG00000084112.15	4.3818
ENSG00000084207.18	39.6777
ENSG00000084234.18	521.2968
ENSG00000084444.14	19.2452
ENSG00000084453.16	1.2572
ENSG00000084463.8	40.3293
ENSG00000084623.12	82.4648
ENSG00000084628.10	3.2327
ENSG00000084636.18	16.3693
ENSG00000084652.16	46.6551
ENSG00000084674.15	0.0039
ENSG00000084676.15	16.5156
ENSG00000084693.16	15.6840
ENSG00000084710.14	0.1952
ENSG00000084731.15	1.3972
ENSG00000084733.11	97.2265
ENSG00000084734.9	0.1832
ENSG00000084754.12	132.1090
ENSG00000084764.12	18.2105
ENSG00000084774.14	9.1236
ENSG00000085063.17	26.1915
ENSG00000085117.12	37.7579
ENSG00000085185.15	1.4288
ENSG00000085224.23	8.5664
ENSG00000085231.14	40.9840
ENSG00000085265.11	0.1217
ENSG00000085274.16	8.7473
ENSG00000085276.19	0.4549
ENSG00000085365.18	46.5218
ENSG00000085377.15	9.1757
ENSG00000085382.12	2.1551
ENSG00000085415.16	11.2308
ENSG00000085433.16	5.7401
ENSG00000085449.15	15.0959
ENSG00000085465.13	16.2800
ENSG00000085491.17	4.4181
ENSG00000085511.20	18.6328
ENSG00000085514.16	16.7594
ENSG00000085552.17	8.6069
ENSG00000085563.15	0.6829
ENSG00000085644.14	17.7170
ENSG00000085662.14	4.6268
ENSG00000085719.13	74.1969
ENSG00000085721.13	32.1476
ENSG00000085733.16	105.8282
ENSG00000085741.13	9.2721
ENSG00000085760.15	40.9243
ENSG00000085788.14	6.9254
ENSG00000085831.15	31.2049
ENSG00000085832.17	61.6036
ENSG00000085840.13	1.5715
ENSG00000085871.9	94.9921
ENSG00000085872.15	10.0533
ENSG00000085978.22	18.9220
ENSG00000085982.14	21.7913
ENSG00000085998.14	39.6141
ENSG00000085999.13	0.5235
ENSG00000086015.22	44.0738
ENSG00000086061.16	275.7887
ENSG00000086062.13	17.7134
ENSG00000086065.14	111.9271
ENSG00000086102.19	21.5027
ENSG00000086159.13	0.0000
ENSG00000086189.10	3.8773
ENSG00000086200.17	4.6528
ENSG00000086205.18	252.6194
ENSG00000086232.13	202.1324
ENSG00000086288.12	0.0948
ENSG00000086289.12	38.2114
ENSG00000086300.16	8.3871
ENSG00000086475.15	42.8450
ENSG00000086504.17	49.8955
ENSG00000086506.3	0.1093
ENSG00000086544.3	34.5079
ENSG00000086548.9	0.3123
ENSG00000086570.12	0.0834
ENSG00000086589.12	29.0999
ENSG00000086598.11	282.1979
ENSG00000086619.14	8.5136
ENSG00000086666.19	39.6842
ENSG00000086696.11	0.1938
ENSG00000086712.13	7.7712
ENSG00000086717.18	1.0348
ENSG00000086730.17	11.5275
ENSG00000086758.16	22.8693
ENSG00000086827.9	10.3886
ENSG00000086848.15	2.9816
ENSG00000086967.10	0.2793
ENSG00000086991.13	0.5203
ENSG00000087008.16	14.4628
ENSG00000087053.20	6.5468
ENSG00000087074.8	141.0618
ENSG00000087076.9	19.6142
ENSG00000087077.14	39.8009
ENSG00000087085.16	0.4957
ENSG00000087086.15	4479.7510
ENSG00000087087.20	70.0300
ENSG00000087088.20	61.3590
ENSG00000087095.13	14.6763
ENSG00000087111.21	13.0104
ENSG00000087116.16	2.3265
ENSG00000087128.10	1.2496
ENSG00000087152.15	28.0723
ENSG00000087157.19	7.8144
ENSG00000087191.13	94.6088
ENSG00000087206.17	13.5689
ENSG00000087237.12	0.2723
ENSG00000087245.13	25.5155
ENSG00000087250.9	1.6496
ENSG00000087253.13	0.9877
ENSG00000087258.16	0.3251
ENSG00000087263.17	9.5453
ENSG00000087266.17	4.2163
ENSG00000087269.16	16.2614
ENSG00000087274.17	49.5609
ENSG00000087299.12	5.1192
ENSG00000087301.9	29.9904
ENSG00000087302.9	48.7190
ENSG00000087303.18	0.8756
ENSG00000087338.5	22.3987
ENSG00000087365.16	56.3521
ENSG00000087448.11	9.7410
ENSG00000087460.27	223.3108
ENSG00000087470.18	29.0090
ENSG00000087494.16	2.0505
ENSG00000087495.17	0.0756
ENSG00000087502.18	23.3835
ENSG00000087510.7	21.5346
ENSG00000087586.18	6.5623
ENSG00000087589.16	1.2635
ENSG00000087842.11	19.5936
ENSG00000087884.14	13.7497
ENSG00000087903.13	1.0215
ENSG00000087995.16	10.2001
ENSG00000088002.12	2.3504
ENSG00000088035.18	8.4233
ENSG00000088038.19	22.4003
ENSG00000088053.11	0.8752
ENSG00000088179.9	3.9942
ENSG00000088205.13	15.9920
ENSG00000088247.17	114.3400
ENSG00000088256.9	22.8601
ENSG00000088280.19	25.8544
ENSG00000088298.13	37.1198
ENSG00000088305.18	2.3305
ENSG00000088320.4	0.4171
ENSG00000088325.16	10.9000
ENSG00000088340.17	0.4175
ENSG00000088356.6	32.5214
ENSG00000088367.23	10.7638
ENSG00000088386.17	0.0274
ENSG00000088387.19	4.0075
ENSG00000088448.14	62.6455
ENSG00000088451.11	12.2315
ENSG00000088538.13	0.8971
ENSG00000088543.15	2.7214
ENSG00000088682.14	35.9379
ENSG00000088726.16	0.0000
ENSG00000088727.13	5.3058
ENSG00000088756.13	8.9807
ENSG00000088766.12	0.4300
ENSG00000088782.5	0.0000
ENSG00000088808.18	20.3066
ENSG00000088812.18	13.8217
ENSG00000088826.18	42.8155
ENSG00000088827.12	0.4610
ENSG00000088832.18	45.1813
ENSG00000088833.17	33.4315
ENSG00000088836.14	0.3340
ENSG00000088854.12	2.3983
ENSG00000088876.13	7.4192
ENSG00000088881.21	12.1073
ENSG00000088882.8	3.5699
ENSG00000088888.18	22.0344
ENSG00000088899.15	4.5562
ENSG00000088926.14	0.0433
ENSG00000088930.8	47.9657
ENSG00000088970.16	16.2676
ENSG00000088986.11	137.7463
ENSG00000088992.18	31.2473
ENSG00000089006.17	23.2023
ENSG00000089009.15	831.3005
ENSG00000089012.14	0.2831
ENSG00000089022.14	6.6310
ENSG00000089041.17	0.1353
ENSG00000089048.14	15.2685
ENSG00000089050.16	14.2489
ENSG00000089053.13	35.3060
ENSG00000089057.15	11.8684
ENSG00000089060.11	16.3350
ENSG00000089063.15	160.3943
ENSG00000089091.16	2.7111
ENSG00000089094.19	1.7651
ENSG00000089101.19	0.1239
ENSG00000089116.4	0.0000
ENSG00000089123.16	8.1064
ENSG00000089127.14	10.3685
ENSG00000089154.11	17.3282
ENSG00000089157.16	1705.5823
ENSG00000089159.16	23.0804
ENSG00000089163.4	3.9664
ENSG00000089169.15	0.0000
ENSG00000089177.19	5.7142
ENSG00000089195.15	9.1669
ENSG00000089199.10	2.3745
ENSG00000089220.5	1257.1901
ENSG00000089225.20	1.3247
ENSG00000089234.16	20.4606
ENSG00000089248.7	262.1435
ENSG00000089250.19	0.0484
ENSG00000089280.19	69.2595
ENSG00000089289.16	122.1195
ENSG00000089327.15	7.2150
ENSG00000089335.21	16.7530
ENSG00000089351.14	61.7699
ENSG00000089356.18	4.1536
ENSG00000089472.16	4.6401
ENSG00000089486.17	4.3202
ENSG00000089505.18	0.4726
ENSG00000089558.9	0.0152
ENSG00000089597.18	182.3951
ENSG00000089639.11	4.6099
ENSG00000089682.16	3.5088
ENSG00000089685.15	8.8178
ENSG00000089692.9	5.7588
ENSG00000089693.11	253.6140
ENSG00000089723.10	0.6667
ENSG00000089737.17	33.9623
ENSG00000089775.12	3.1820
ENSG00000089818.18	11.2512
ENSG00000089820.16	3.4331
ENSG00000089847.12	6.6677
ENSG00000089876.12	50.5564
ENSG00000089902.10	16.5778
ENSG00000089916.18	2.7765
ENSG00000090006.18	49.0210
ENSG00000090013.11	181.7602
ENSG00000090020.11	13.2074
ENSG00000090054.15	21.9092
ENSG00000090060.18	41.3156
ENSG00000090061.17	1.1302
ENSG00000090097.22	35.5499
ENSG00000090104.12	8.3705
ENSG00000090238.12	73.5367
ENSG00000090263.16	24.2246
ENSG00000090266.13	20.1376
ENSG00000090273.14	142.4496
ENSG00000090316.16	19.2944
ENSG00000090339.9	1.3722
ENSG00000090372.15	39.7644
ENSG00000090376.11	0.8398
ENSG00000090382.7	4.4179
ENSG00000090402.8	0.2162
ENSG00000090432.7	25.4522
ENSG00000090447.12	11.1852
ENSG00000090470.15	18.7997
ENSG00000090487.11	146.2736
ENSG00000090512.12	0.0000
ENSG00000090520.11	10.3703
ENSG00000090530.10	9.6082
ENSG00000090534.20	0.2560
ENSG00000090539.15	1.1593
ENSG00000090554.13	0.0608
ENSG00000090565.17	31.5718
ENSG00000090581.10	69.1314
ENSG00000090612.22	4.6665
ENSG00000090615.15	24.5970
ENSG00000090621.15	66.4792
ENSG00000090659.18	0.1177
ENSG00000090661.12	189.1100
ENSG00000090674.16	11.4440
ENSG00000090686.16	14.5696
ENSG00000090776.6	7.5293
ENSG00000090857.14	5.5799
ENSG00000090861.17	49.4975
ENSG00000090863.12	24.8739
ENSG00000090889.12	3.1671
ENSG00000090905.19	9.3306
ENSG00000090924.15	1.9242
ENSG00000090932.11	0.2865
ENSG00000090971.5	25.7454
ENSG00000090975.13	1.7573
ENSG00000090989.18	12.0735
ENSG00000091009.8	6.5026
ENSG00000091010.6	0.2017
ENSG00000091039.17	10.5641
ENSG00000091073.19	13.5841
ENSG00000091106.19	0.7312
ENSG00000091127.14	9.2285
ENSG00000091128.13	0.0164
ENSG00000091129.21	7.1776
ENSG00000091136.15	6.0488
ENSG00000091137.14	11.1348
ENSG00000091138.13	2.9857
ENSG00000091140.14	18.9208
ENSG00000091157.14	4.8176
ENSG00000091164.13	29.7776
ENSG00000091181.20	0.2185
ENSG00000091262.16	0.3080
ENSG00000091317.8	85.3473
ENSG00000091409.15	19.0474
ENSG00000091428.18	1.5630
ENSG00000091436.17	14.2414
ENSG00000091482.8	0.3051
ENSG00000091483.7	89.7933
ENSG00000091490.11	13.8797
ENSG00000091513.16	0.4210
ENSG00000091527.16	39.1258
ENSG00000091536.19	0.1760
ENSG00000091542.9	72.2666
ENSG00000091583.11	0.0000
ENSG00000091592.16	0.4445
ENSG00000091622.16	1.1734
ENSG00000091640.8	66.4519
ENSG00000091651.9	3.2941
ENSG00000091656.19	0.9210
ENSG00000091664.9	0.0000
ENSG00000091704.10	0.0000
ENSG00000091732.17	14.6649
ENSG00000091831.24	0.5801
ENSG00000091844.8	0.7638
ENSG00000091879.14	0.5351
ENSG00000091947.10	51.4719
ENSG00000091972.18	8.1025
ENSG00000091986.16	6.7115
ENSG00000092009.10	0.6774
ENSG00000092010.15	208.0293
ENSG00000092020.10	8.3348
ENSG00000092036.18	5.9087
ENSG00000092051.17	1.3181
ENSG00000092054.13	0.0000
ENSG00000092067.6	0.0000
ENSG00000092068.20	145.9045
ENSG00000092094.11	15.3686
ENSG00000092096.18	33.5848
ENSG00000092098.17	0.1826
ENSG00000092108.22	5.3470
ENSG00000092140.16	3.9751
ENSG00000092148.13	21.0457
ENSG00000092199.18	188.2292
ENSG00000092200.12	1.0443
ENSG00000092201.10	29.8875
ENSG00000092203.15	24.8430
ENSG00000092208.17	5.7345
ENSG00000092295.12	1.2050
ENSG00000092330.18	42.6801
ENSG00000092345.14	0.0162
ENSG00000092377.15	1.7585
ENSG00000092421.17	2.1110
ENSG00000092439.16	8.2870
ENSG00000092445.12	1.1251
ENSG00000092470.12	3.5156
ENSG00000092529.25	0.2981
ENSG00000092531.10	9.4952
ENSG00000092607.15	0.3321
ENSG00000092621.13	16.9077
ENSG00000092758.18	2.0739
ENSG00000092820.18	239.5872
ENSG00000092841.19	240.0517
ENSG00000092847.13	11.5651
ENSG00000092850.12	0.1767
ENSG00000092853.14	0.4151
ENSG00000092871.17	8.1514
ENSG00000092929.12	1.5880
ENSG00000092931.11	5.6589
ENSG00000092964.18	6.9675
ENSG00000092969.12	10.7486
ENSG00000092978.11	5.5149
ENSG00000093000.19	19.2173
ENSG00000093009.11	2.5770
ENSG00000093010.15	35.6173
ENSG00000093072.18	2.2738
ENSG00000093100.13	0.0133
ENSG00000093134.15	0.0000
ENSG00000093144.19	16.8041
ENSG00000093167.18	23.2880
ENSG00000093183.14	37.8356
ENSG00000093217.11	3.3014
ENSG00000094631.21	11.1680
ENSG00000094661.3	0.0191
ENSG00000094755.17	0.0375
ENSG00000094796.5	2.3223
ENSG00000094804.12	3.3571
ENSG00000094841.14	12.8572
ENSG00000094880.11	14.4003
ENSG00000094914.14	29.3571
ENSG00000094916.16	19.1966
ENSG00000094963.14	0.3908
ENSG00000094975.14	19.7356
ENSG00000095002.15	5.7431
ENSG00000095015.6	6.4775
ENSG00000095059.16	3.1326
ENSG00000095066.12	14.6241
ENSG00000095110.8	0.0000
ENSG00000095139.14	178.9328
ENSG00000095203.14	18.6307
ENSG00000095209.12	15.6892
ENSG00000095261.14	17.8258
ENSG00000095303.17	44.2335
ENSG00000095319.14	19.7480
ENSG00000095321.17	7.8794
ENSG00000095370.20	0.8852
ENSG00000095380.11	83.2927
ENSG00000095383.20	5.0370
ENSG00000095397.16	10.9049
ENSG00000095464.10	0.2919
ENSG00000095485.18	14.5664
ENSG00000095539.15	3.4711
ENSG00000095564.14	7.1242
ENSG00000095574.12	16.9310
ENSG00000095585.17	14.6072
ENSG00000095587.9	0.2122
ENSG00000095596.12	10.2593
ENSG00000095627.9	0.8673
ENSG00000095637.22	34.4331
ENSG00000095713.14	2.9232
ENSG00000095739.11	77.2315
ENSG00000095752.7	0.9480
ENSG00000095777.17	0.0068
ENSG00000095787.23	30.6189
ENSG00000095794.19	9.6084
ENSG00000095906.17	42.4681
ENSG00000095917.14	0.5468
ENSG00000095932.7	0.3506
ENSG00000095951.17	8.4572
ENSG00000095970.17	4.9533
ENSG00000095981.11	0.0000
ENSG00000096006.12	6.6529
ENSG00000096060.15	16.6675
ENSG00000096063.16	7.3118
ENSG00000096070.19	26.4990
ENSG00000096080.12	16.7896
ENSG00000096088.16	26.2718
ENSG00000096092.6	48.1232
ENSG00000096093.16	1.6592
ENSG00000096264.14	0.0000
ENSG00000096384.20	1526.4262
ENSG00000096395.11	0.0000
ENSG00000096401.8	23.6407
ENSG00000096433.11	1.3972
ENSG00000096654.15	6.8384
ENSG00000096696.14	111.8188
ENSG00000096717.12	20.4558
ENSG00000096746.17	52.6537
ENSG00000096872.17	10.2446
ENSG00000096968.14	3.5826
ENSG00000096996.16	0.1210
ENSG00000097007.19	36.0611
ENSG00000097021.20	13.1888
ENSG00000097033.14	30.7247
ENSG00000097046.13	1.2345
ENSG00000097096.9	1.1711
ENSG00000099139.14	0.6747
ENSG00000099194.6	271.2116
ENSG00000099203.7	10.7500
ENSG00000099204.20	25.6556
ENSG00000099219.14	35.1086
ENSG00000099246.17	50.9345
ENSG00000099250.18	6.3250
ENSG00000099251.14	7.2414
ENSG00000099256.19	2.1849
ENSG00000099260.11	4.4023
ENSG00000099282.10	38.7649
ENSG00000099284.15	0.8739
ENSG00000099290.17	32.2151
ENSG00000099308.10	2.9651
ENSG00000099326.9	14.7678
ENSG00000099330.9	52.0179
ENSG00000099331.13	13.2478
ENSG00000099337.5	6.9413
ENSG00000099338.23	1.3499
ENSG00000099341.11	93.0837
ENSG00000099364.18	8.8479
ENSG00000099365.11	0.2549
ENSG00000099377.14	22.5706
ENSG00000099381.18	14.8871
ENSG00000099385.12	15.9218
ENSG00000099399.6	0.0000
ENSG00000099617.4	4.0943
ENSG00000099622.14	303.5016
ENSG00000099624.8	196.0144
ENSG00000099625.13	0.2011
ENSG00000099715.14	0.0000
ENSG00000099721.14	0.7577
ENSG00000099725.14	1.3609
ENSG00000099769.6	1.1134
ENSG00000099783.12	81.5257
ENSG00000099785.10	44.1611
ENSG00000099795.7	534.1935
ENSG00000099797.15	51.5387
ENSG00000099800.8	133.9886
ENSG00000099804.9	97.7933
ENSG00000099810.21	7.8884
ENSG00000099812.9	87.8102
ENSG00000099814.16	21.8850
ENSG00000099817.12	64.0636
ENSG00000099821.14	32.6365
ENSG00000099822.3	1.2316
ENSG00000099834.19	0.0299
ENSG00000099840.14	9.9779
ENSG00000099849.15	74.9839
ENSG00000099860.9	78.1043
ENSG00000099864.18	28.0400
ENSG00000099866.15	1.0016
ENSG00000099869.8	0.0000
ENSG00000099875.15	159.2112
ENSG00000099889.14	25.6154
ENSG00000099899.15	33.8414
ENSG00000099901.17	28.2635
ENSG00000099904.16	21.1345
ENSG00000099910.17	14.6789
ENSG00000099917.17	23.3051
ENSG00000099937.11	0.6967
ENSG00000099940.12	20.6669
ENSG00000099942.13	32.8363
ENSG00000099949.21	5.8879
ENSG00000099953.10	5.4014
ENSG00000099954.18	0.0107
ENSG00000099956.20	14.7622
ENSG00000099957.16	0.1952
ENSG00000099958.15	0.5320
ENSG00000099960.13	0.0942
ENSG00000099968.18	24.2040
ENSG00000099974.8	12.3645
ENSG00000099977.14	0.0000
ENSG00000099984.11	0.1949
ENSG00000099985.4	0.3530
ENSG00000099991.18	15.7713
ENSG00000099992.16	4.1607
ENSG00000099994.11	3.7385
ENSG00000099995.19	47.3898
ENSG00000099998.18	8.8925
ENSG00000099999.15	7.0263
ENSG00000100003.18	96.4168
ENSG00000100012.12	0.0318
ENSG00000100014.20	22.4509
ENSG00000100023.19	19.4870
ENSG00000100024.15	0.1869
ENSG00000100027.17	2.1695
ENSG00000100028.12	29.2633
ENSG00000100029.18	40.4048
ENSG00000100030.15	43.6283
ENSG00000100031.19	0.9892
ENSG00000100033.16	0.0263
ENSG00000100034.14	5.3703
ENSG00000100036.13	0.7584
ENSG00000100038.20	0.0261
ENSG00000100053.10	1.5522
ENSG00000100055.21	0.7947
ENSG00000100056.12	9.7274
ENSG00000100058.12	16.2747
ENSG00000100060.18	1.1221
ENSG00000100065.15	8.4837
ENSG00000100068.13	5.9462
ENSG00000100075.10	301.0906
ENSG00000100077.15	9.1754
ENSG00000100078.4	0.0222
ENSG00000100079.7	1.2468
ENSG00000100083.19	30.5622
ENSG00000100084.14	8.2143
ENSG00000100092.24	0.5192
ENSG00000100095.19	0.1773
ENSG00000100097.12	236.9692
ENSG00000100099.21	14.0501
ENSG00000100100.13	23.6022
ENSG00000100101.15	0.0000
ENSG00000100104.13	5.2638
ENSG00000100105.18	24.4338
ENSG00000100106.22	25.1179
ENSG00000100109.17	5.4878
ENSG00000100116.17	98.8220
ENSG00000100121.13	0.0413
ENSG00000100122.7	2.6547
ENSG00000100124.15	23.2644
ENSG00000100129.18	55.5252
ENSG00000100138.15	146.0959
ENSG00000100139.13	7.4930
ENSG00000100142.16	25.3842
ENSG00000100146.18	0.5224
ENSG00000100147.14	1.6659
ENSG00000100150.20	1.5707
ENSG00000100151.16	49.7806
ENSG00000100154.14	1.7249
ENSG00000100156.10	2.0168
ENSG00000100162.15	10.3862
ENSG00000100167.20	0.7099
ENSG00000100170.10	1.5444
ENSG00000100181.22	0.2630
ENSG00000100191.6	0.3381
ENSG00000100196.11	73.3857
ENSG00000100197.22	1.1454
ENSG00000100201.23	130.9631
ENSG00000100206.10	0.2179
ENSG00000100207.20	13.2794
ENSG00000100209.11	33.2555
ENSG00000100211.10	38.2135
ENSG00000100216.6	94.5113
ENSG00000100218.12	0.1484
ENSG00000100219.16	235.5874
ENSG00000100220.12	74.2207
ENSG00000100221.10	25.2492
ENSG00000100225.18	19.9357
ENSG00000100226.16	20.5454
ENSG00000100227.18	60.2937
ENSG00000100228.12	13.0519
ENSG00000100234.12	68.7342
ENSG00000100239.16	53.5588
ENSG00000100241.21	13.8026
ENSG00000100242.15	40.9928
ENSG00000100243.21	81.1518
ENSG00000100246.13	35.6892
ENSG00000100249.4	0.5219
ENSG00000100253.13	1.0281
ENSG00000100258.18	64.7419
ENSG00000100263.14	45.2637
ENSG00000100266.19	63.7902
ENSG00000100271.17	13.8384
ENSG00000100276.10	2.5133
ENSG00000100280.16	80.8639
ENSG00000100281.14	14.1130
ENSG00000100284.21	46.4735
ENSG00000100285.10	37.4791
ENSG00000100288.20	0.4228
ENSG00000100290.3	100.6584
ENSG00000100292.18	6.2806
ENSG00000100294.13	33.4517
ENSG00000100296.14	9.0236
ENSG00000100297.16	11.1067
ENSG00000100298.16	0.1384
ENSG00000100299.18	31.0619
ENSG00000100300.18	278.0365
ENSG00000100302.7	2.0087
ENSG00000100304.13	70.2074
ENSG00000100307.13	17.6805
ENSG00000100311.17	7.1837
ENSG00000100312.11	0.3914
ENSG00000100314.4	0.5884
ENSG00000100316.16	3769.1185
ENSG00000100319.13	13.0188
ENSG00000100320.23	14.0526
ENSG00000100321.15	8.0399
ENSG00000100324.14	35.6209
ENSG00000100325.15	52.6716
ENSG00000100330.16	5.8045
ENSG00000100335.15	13.0524
ENSG00000100336.17	0.8569
ENSG00000100341.12	0.0000
ENSG00000100342.21	4.6555
ENSG00000100344.11	0.0000
ENSG00000100345.22	141.6588
ENSG00000100346.18	0.0214
ENSG00000100347.15	17.7334
ENSG00000100348.10	156.9120
ENSG00000100350.15	33.3932
ENSG00000100351.17	0.1772
ENSG00000100353.18	185.5878
ENSG00000100354.21	4.9022
ENSG00000100359.21	1.8024
ENSG00000100360.15	11.9667
ENSG00000100362.13	5.8251
ENSG00000100364.19	17.9799
ENSG00000100365.16	1.2370
ENSG00000100368.14	0.3585
ENSG00000100372.15	30.3911
ENSG00000100373.10	78.3542
ENSG00000100376.12	9.6094
ENSG00000100379.17	2.4853
ENSG00000100380.14	243.0375
ENSG00000100385.14	0.3746
ENSG00000100387.9	66.1734
ENSG00000100393.14	19.0001
ENSG00000100395.15	14.5475
ENSG00000100399.16	13.2695
ENSG00000100401.20	57.5879
ENSG00000100403.12	30.6218
ENSG00000100410.8	47.6202
ENSG00000100412.17	11.9339
ENSG00000100413.17	8.5778
ENSG00000100416.15	10.8342
ENSG00000100417.12	21.1088
ENSG00000100418.8	33.0324
ENSG00000100422.14	3.4176
ENSG00000100425.18	24.2936
ENSG00000100426.7	10.0703
ENSG00000100427.16	1.4195
ENSG00000100429.18	1.4801
ENSG00000100433.16	0.0070
ENSG00000100439.10	26.7098
ENSG00000100441.10	5.7457
ENSG00000100442.11	52.1426
ENSG00000100445.17	3.3515
ENSG00000100448.4	1.5606
ENSG00000100450.13	0.6674
ENSG00000100453.13	0.0818
ENSG00000100461.18	10.9337
ENSG00000100462.16	8.4191
ENSG00000100473.18	0.2433
ENSG00000100478.15	3.0164
ENSG00000100479.13	3.1633
ENSG00000100483.14	7.3004
ENSG00000100485.12	13.2460
ENSG00000100490.9	1.4733
ENSG00000100503.26	8.3337
ENSG00000100504.17	6.6891
ENSG00000100505.13	0.1226
ENSG00000100519.12	24.0865
ENSG00000100522.10	24.1740
ENSG00000100523.16	2.1759
ENSG00000100526.20	5.4998
ENSG00000100528.12	35.5013
ENSG00000100532.12	10.8880
ENSG00000100554.12	36.2483
ENSG00000100557.10	0.0000
ENSG00000100558.9	22.8745
ENSG00000100564.9	40.3729
ENSG00000100565.15	0.0000
ENSG00000100567.13	69.6053
ENSG00000100568.11	21.3878
ENSG00000100575.14	55.3784
ENSG00000100577.19	23.5219
ENSG00000100578.18	2.6487
ENSG00000100580.8	12.2079
ENSG00000100583.4	0.6176
ENSG00000100591.8	158.1292
ENSG00000100592.16	15.0232
ENSG00000100593.18	0.3098
ENSG00000100596.7	20.1733
ENSG00000100599.16	1.6161
ENSG00000100600.15	39.7179
ENSG00000100601.10	14.3898
ENSG00000100603.14	31.2706
ENSG00000100604.13	0.3244
ENSG00000100605.17	57.3102
ENSG00000100612.14	376.6466
ENSG00000100614.18	24.8647
ENSG00000100625.9	16.4045
ENSG00000100626.17	1.2535
ENSG00000100628.12	5.7875
ENSG00000100629.17	0.9747
ENSG00000100632.11	255.0150
ENSG00000100644.17	60.7480
ENSG00000100647.8	16.0677
ENSG00000100650.16	131.2896
ENSG00000100652.5	0.0865
ENSG00000100664.11	56.4247
ENSG00000100665.12	0.0000
ENSG00000100678.19	0.0205
ENSG00000100697.15	13.6881
ENSG00000100711.14	10.4536
ENSG00000100714.17	8.9614
ENSG00000100721.11	0.0512
ENSG00000100722.20	5.5701
ENSG00000100726.15	43.0410
ENSG00000100731.16	5.5164
ENSG00000100739.11	0.1703
ENSG00000100744.15	11.3330
ENSG00000100749.8	10.7079
ENSG00000100764.14	3.0220
ENSG00000100767.17	1.3490
ENSG00000100784.12	1.1692
ENSG00000100796.17	35.2824
ENSG00000100802.15	7.3058
ENSG00000100804.19	209.6833
ENSG00000100811.14	43.4798
ENSG00000100813.14	39.9411
ENSG00000100814.18	32.4882
ENSG00000100815.12	9.6521
ENSG00000100823.12	225.6339
ENSG00000100836.10	9.3489
ENSG00000100842.13	5.7237
ENSG00000100852.13	2.6286
ENSG00000100865.15	16.3472
ENSG00000100867.15	0.3756
ENSG00000100883.13	20.7267
ENSG00000100884.9	0.0289
ENSG00000100888.15	8.4240
ENSG00000100889.12	16.9498
ENSG00000100890.16	1.7005
ENSG00000100897.18	42.2354
ENSG00000100902.11	1.4900
ENSG00000100906.11	112.5305
ENSG00000100908.14	44.2097
ENSG00000100911.16	72.7627
ENSG00000100916.14	5.8639
ENSG00000100918.13	11.3181
ENSG00000100926.15	2.0269
ENSG00000100934.15	7.7290
ENSG00000100938.18	34.9332
ENSG00000100941.9	66.6109
ENSG00000100949.14	33.0255
ENSG00000100968.14	4.3154
ENSG00000100979.15	33.8122
ENSG00000100982.12	30.5283
ENSG00000100983.12	38.0213
ENSG00000100985.7	0.1235
ENSG00000100987.15	0.0321
ENSG00000100991.12	66.4238
ENSG00000100994.12	132.0935
ENSG00000100997.20	58.7832
ENSG00000101000.6	1.9381
ENSG00000101003.10	1.7883
ENSG00000101004.15	1.9616
ENSG00000101017.14	1.8997
ENSG00000101019.22	13.1713
ENSG00000101040.19	12.0851
ENSG00000101049.17	0.5950
ENSG00000101052.13	23.7031
ENSG00000101057.16	9.4159
ENSG00000101074.5	0.0000
ENSG00000101076.17	0.0000
ENSG00000101079.21	133.5798
ENSG00000101082.14	0.4849
ENSG00000101084.18	0.3069
ENSG00000101096.20	0.8496
ENSG00000101098.13	0.2025
ENSG00000101104.13	8.6037
ENSG00000101109.12	10.4509
ENSG00000101115.13	0.8596
ENSG00000101126.18	30.4764
ENSG00000101132.10	34.6935
ENSG00000101134.12	1.0628
ENSG00000101138.12	19.1414
ENSG00000101144.13	7.3283
ENSG00000101146.13	13.2543
ENSG00000101150.18	58.8566
ENSG00000101152.11	55.3576
ENSG00000101158.15	58.4340
ENSG00000101160.14	67.6612
ENSG00000101161.8	136.9904
ENSG00000101162.4	0.1042
ENSG00000101166.16	61.4114
ENSG00000101180.16	0.0857
ENSG00000101181.17	21.3568
ENSG00000101182.15	144.3845
ENSG00000101187.16	0.7084
ENSG00000101188.5	0.1225
ENSG00000101189.7	14.4043
ENSG00000101190.13	6.9946
ENSG00000101191.17	11.8200
ENSG00000101193.8	54.2219
ENSG00000101194.18	0.3804
ENSG00000101197.13	0.1861
ENSG00000101198.15	0.0668
ENSG00000101199.13	41.5343
ENSG00000101200.5	0.0000
ENSG00000101203.16	0.0421
ENSG00000101204.18	0.0194
ENSG00000101210.13	43.5687
ENSG00000101213.7	2.4816
ENSG00000101216.11	21.9935
ENSG00000101220.18	47.3347
ENSG00000101222.12	0.6594
ENSG00000101224.17	10.4060
ENSG00000101230.6	0.4295
ENSG00000101236.17	17.8372
ENSG00000101246.20	9.1919
ENSG00000101247.18	3.9257
ENSG00000101251.13	0.3414
ENSG00000101255.11	69.1080
ENSG00000101265.16	5.3345
ENSG00000101266.19	8.1696
ENSG00000101276.18	10.3079
ENSG00000101278.6	3.0426
ENSG00000101280.8	0.1476
ENSG00000101282.9	1.2557
ENSG00000101290.14	10.8703
ENSG00000101292.8	0.0000
ENSG00000101294.18	76.3292
ENSG00000101298.15	0.6772
ENSG00000101306.11	0.0776
ENSG00000101307.16	0.0210
ENSG00000101310.17	42.8477
ENSG00000101311.16	4.4303
ENSG00000101323.5	1.0837
ENSG00000101327.9	0.0164
ENSG00000101331.17	0.3774
ENSG00000101333.17	8.1590
ENSG00000101335.10	707.4548
ENSG00000101336.17	0.9358
ENSG00000101337.16	56.3713
ENSG00000101342.10	0.0226
ENSG00000101343.15	35.5783
ENSG00000101346.14	26.2474
ENSG00000101347.10	4.0107
ENSG00000101349.17	0.0000
ENSG00000101350.8	26.4165
ENSG00000101353.15	1.3097
ENSG00000101361.17	65.7909
ENSG00000101363.12	85.6911
ENSG00000101365.21	68.8277
ENSG00000101367.9	80.9662
ENSG00000101384.12	20.6962
ENSG00000101391.21	11.8384
ENSG00000101400.6	37.2930
ENSG00000101405.3	0.1125
ENSG00000101407.13	10.7351
ENSG00000101412.13	7.1215
ENSG00000101413.12	12.8934
ENSG00000101417.12	21.7022
ENSG00000101421.4	350.6368
ENSG00000101425.14	0.0697
ENSG00000101435.5	0.0000
ENSG00000101438.4	0.0000
ENSG00000101439.9	197.6362
ENSG00000101440.9	0.3708
ENSG00000101441.4	32.6537
ENSG00000101442.10	12.5506
ENSG00000101443.18	2.4204
ENSG00000101444.13	185.0465
ENSG00000101445.10	0.2701
ENSG00000101446.8	0.0000
ENSG00000101447.15	14.6176
ENSG00000101448.14	0.0000
ENSG00000101452.15	4.9296
ENSG00000101457.13	35.9008
ENSG00000101460.13	97.0200
ENSG00000101463.6	0.6207
ENSG00000101464.11	28.1791
ENSG00000101470.10	1.2262
ENSG00000101473.17	12.6031
ENSG00000101474.12	221.7059
ENSG00000101489.20	0.1641
ENSG00000101493.11	2.1103
ENSG00000101542.10	0.0270
ENSG00000101544.9	12.7499
ENSG00000101546.13	3.6240
ENSG00000101557.15	83.9254
ENSG00000101558.14	33.4944
ENSG00000101574.15	5.3528
ENSG00000101577.10	12.3341
ENSG00000101596.16	12.0390
ENSG00000101605.13	2.3855
ENSG00000101608.13	83.2784
ENSG00000101624.11	1.8438
ENSG00000101638.14	0.8026
ENSG00000101639.18	4.1902
ENSG00000101654.18	13.1522
ENSG00000101665.9	13.1040
ENSG00000101670.12	0.6480
ENSG00000101680.15	0.1164
ENSG00000101695.9	2.7418
ENSG00000101745.17	10.4680
ENSG00000101746.15	0.0812
ENSG00000101751.10	18.0030
ENSG00000101752.12	13.6150
ENSG00000101773.19	6.6701
ENSG00000101782.15	36.1464
ENSG00000101811.14	19.4624
ENSG00000101812.14	0.0000
ENSG00000101825.8	4.5083
ENSG00000101842.14	0.1225
ENSG00000101843.19	41.3806
ENSG00000101844.18	12.1040
ENSG00000101846.8	2.1646
ENSG00000101849.17	13.3353
ENSG00000101850.13	3.9458
ENSG00000101856.10	127.1288
ENSG00000101868.13	2.0969
ENSG00000101871.16	3.1751
ENSG00000101882.10	7.9666
ENSG00000101883.5	1.0042
ENSG00000101888.12	8.4581
ENSG00000101890.5	0.0000
ENSG00000101892.12	0.0000
ENSG00000101898.6	0.0000
ENSG00000101901.12	11.0145
ENSG00000101911.13	78.9990
ENSG00000101916.12	0.0795
ENSG00000101928.13	15.1251
ENSG00000101935.10	4.4804
ENSG00000101938.15	69.8595
ENSG00000101940.18	55.6267
ENSG00000101945.17	6.2823
ENSG00000101951.17	0.6952
ENSG00000101955.15	2.7878
ENSG00000101958.14	0.0467
ENSG00000101966.13	18.1198
ENSG00000101972.19	32.1265
ENSG00000101974.14	4.9701
ENSG00000101977.21	0.0342
ENSG00000101981.12	0.0000
ENSG00000101986.12	11.0147
ENSG00000101997.13	39.5645
ENSG00000102001.13	0.0083
ENSG00000102003.11	3.1072
ENSG00000102007.11	17.8904
ENSG00000102010.15	0.3877
ENSG00000102021.11	0.0330
ENSG00000102024.18	18.0606
ENSG00000102030.16	16.8503
ENSG00000102032.13	1.8886
ENSG00000102034.17	0.6831
ENSG00000102038.16	22.7339
ENSG00000102043.16	0.1441
ENSG00000102048.16	0.1735
ENSG00000102053.12	0.2285
ENSG00000102054.18	45.1153
ENSG00000102055.7	0.0000
ENSG00000102057.10	1.1764
ENSG00000102076.10	0.0000
ENSG00000102078.16	7.5171
ENSG00000102081.15	12.5317
ENSG00000102096.9	11.6614
ENSG00000102098.19	2.3470
ENSG00000102100.16	28.1495
ENSG00000102103.17	93.8279
ENSG00000102104.9	0.0156
ENSG00000102109.9	10.6950
ENSG00000102119.11	132.3504
ENSG00000102125.16	11.5750
ENSG00000102128.8	0.0000
ENSG00000102144.15	55.4406
ENSG00000102145.15	0.1160
ENSG00000102158.20	47.0223
ENSG00000102172.16	3429.4270
ENSG00000102174.9	0.5593
ENSG00000102178.13	40.7157
ENSG00000102181.21	11.6443
ENSG00000102189.17	6.0316
ENSG00000102195.10	0.0000
ENSG00000102218.6	9.9963
ENSG00000102221.14	6.2643
ENSG00000102225.16	26.9820
ENSG00000102226.10	32.6289
ENSG00000102230.14	0.1222
ENSG00000102239.5	0.0000
ENSG00000102241.12	48.7673
ENSG00000102243.13	0.0781
ENSG00000102245.8	0.0935
ENSG00000102265.12	242.3765
ENSG00000102271.14	0.0750
ENSG00000102287.19	0.2281
ENSG00000102290.22	0.0000
ENSG00000102302.8	0.4252
ENSG00000102309.15	20.2093
ENSG00000102312.23	5.0400
ENSG00000102313.9	0.6303
ENSG00000102316.17	290.4465
ENSG00000102317.18	69.6631
ENSG00000102349.18	0.4034
ENSG00000102359.8	0.8960
ENSG00000102362.15	2.2527
ENSG00000102383.14	0.1946
ENSG00000102384.13	0.5074
ENSG00000102385.12	0.5427
ENSG00000102387.16	0.4042
ENSG00000102390.11	65.9714
ENSG00000102393.14	8.5318
ENSG00000102401.20	83.0602
ENSG00000102409.10	180.8876
ENSG00000102445.20	0.0833
ENSG00000102452.18	0.0475
ENSG00000102466.16	0.0739
ENSG00000102468.11	0.2358
ENSG00000102471.14	19.8961
ENSG00000102524.11	1.2827
ENSG00000102531.16	16.3704
ENSG00000102539.5	0.0466
ENSG00000102543.14	3.7492
ENSG00000102547.19	192.2903
ENSG00000102554.14	45.9225
ENSG00000102572.15	7.5059
ENSG00000102575.13	68.4150
ENSG00000102580.15	35.4774
ENSG00000102595.20	6.0157
ENSG00000102606.18	14.2291
ENSG00000102678.7	0.3451
ENSG00000102683.8	0.1086
ENSG00000102699.6	16.7479
ENSG00000102710.20	5.9321
ENSG00000102738.8	26.7553
ENSG00000102743.15	9.7731
ENSG00000102753.10	14.5278
ENSG00000102755.12	1.1297
ENSG00000102760.13	19.9993
ENSG00000102763.18	7.0209
ENSG00000102780.17	0.3186
ENSG00000102781.14	1.5393
ENSG00000102786.15	4.0512
ENSG00000102794.10	0.0000
ENSG00000102796.11	7.2085
ENSG00000102802.10	1.5343
ENSG00000102804.15	80.0732
ENSG00000102805.16	1.1988
ENSG00000102837.7	0.1827
ENSG00000102854.16	0.4682
ENSG00000102858.13	27.4540
ENSG00000102870.6	13.1091
ENSG00000102871.16	28.2531
ENSG00000102878.17	57.8890
ENSG00000102879.16	1.6058
ENSG00000102882.12	37.1306
ENSG00000102886.15	3.4870
ENSG00000102890.16	80.7143
ENSG00000102891.4	7.0524
ENSG00000102893.16	21.7782
ENSG00000102897.10	52.8672
ENSG00000102898.12	90.7110
ENSG00000102900.13	38.8444
ENSG00000102901.13	16.1991
ENSG00000102904.15	0.8838
ENSG00000102908.22	2.8462
ENSG00000102910.14	30.8361
ENSG00000102921.8	15.5593
ENSG00000102924.12	0.0666
ENSG00000102931.8	0.1157
ENSG00000102934.10	1.3655
ENSG00000102935.12	1.0609
ENSG00000102962.5	0.1385
ENSG00000102967.12	6.3529
ENSG00000102970.11	0.7433
ENSG00000102974.16	16.4607
ENSG00000102977.17	13.4988
ENSG00000102978.13	34.7371
ENSG00000102981.10	12.4423
ENSG00000102984.15	3.3413
ENSG00000102996.5	15.6152
ENSG00000103005.12	9.8259
ENSG00000103018.17	29.7533
ENSG00000103021.9	1.6355
ENSG00000103023.12	0.0000
ENSG00000103024.7	260.1940
ENSG00000103034.14	0.3649
ENSG00000103035.11	15.9794
ENSG00000103037.12	7.5081
ENSG00000103042.9	9.1445
ENSG00000103043.15	16.0796
ENSG00000103044.11	1.6645
ENSG00000103047.8	2.6205
ENSG00000103051.20	39.5496
ENSG00000103056.12	7.0144
ENSG00000103061.13	1.2136
ENSG00000103064.15	1.3231
ENSG00000103066.13	6.2359
ENSG00000103067.14	40.5987
ENSG00000103089.9	13.2859
ENSG00000103091.15	14.5020
ENSG00000103111.15	446.9068
ENSG00000103121.9	5.8096
ENSG00000103126.15	17.4474
ENSG00000103145.11	94.9967
ENSG00000103148.17	24.3519
ENSG00000103150.7	2.5806
ENSG00000103152.12	34.1890
ENSG00000103154.9	0.0916
ENSG00000103160.12	23.0702
ENSG00000103168.17	19.7717
ENSG00000103174.13	9.9009
ENSG00000103175.11	10.8972
ENSG00000103184.12	3.2587
ENSG00000103187.8	63.5301
ENSG00000103194.16	42.4203
ENSG00000103196.12	26.8504
ENSG00000103197.18	9.9607
ENSG00000103199.14	3.9461
ENSG00000103200.6	0.4890
ENSG00000103202.13	177.2282
ENSG00000103222.20	16.7700
ENSG00000103226.19	0.2596
ENSG00000103227.19	16.4439
ENSG00000103241.7	11.5074
ENSG00000103245.14	20.1177
ENSG00000103248.19	10.0584
ENSG00000103249.18	14.6997
ENSG00000103253.19	6.6997
ENSG00000103254.10	20.2195
ENSG00000103257.9	19.9604
ENSG00000103260.9	27.2160
ENSG00000103264.18	14.0370
ENSG00000103266.11	27.8548
ENSG00000103269.14	11.8227
ENSG00000103274.11	9.3857
ENSG00000103275.21	18.5166
ENSG00000103310.11	0.0000
ENSG00000103313.13	0.0837
ENSG00000103316.12	15.9469
ENSG00000103319.12	25.4014
ENSG00000103326.12	10.1511
ENSG00000103335.22	45.2125
ENSG00000103342.13	46.7326
ENSG00000103343.13	8.6052
ENSG00000103351.13	6.1009
ENSG00000103353.16	23.7790
ENSG00000103355.13	0.0273
ENSG00000103356.18	9.0060
ENSG00000103363.15	445.9240
ENSG00000103365.15	21.7807
ENSG00000103375.11	0.2912
ENSG00000103381.12	3.5053
ENSG00000103404.14	1.9351
ENSG00000103415.12	42.5283
ENSG00000103423.14	25.0275
ENSG00000103426.12	0.0000
ENSG00000103429.11	28.8707
ENSG00000103449.12	0.0000
ENSG00000103460.17	6.6894
ENSG00000103472.10	0.0254
ENSG00000103479.16	27.1992
ENSG00000103485.19	0.9094
ENSG00000103489.12	1.9524
ENSG00000103490.14	1.3556
ENSG00000103494.15	1.5046
ENSG00000103495.14	19.1406
ENSG00000103496.15	23.1800
ENSG00000103502.14	125.2208
ENSG00000103507.14	44.9035
ENSG00000103510.20	23.0764
ENSG00000103512.15	11.0287
ENSG00000103522.16	0.1798
ENSG00000103528.17	11.6549
ENSG00000103534.17	15.3783
ENSG00000103540.16	5.6609
ENSG00000103544.15	9.7301
ENSG00000103546.18	0.0000
ENSG00000103549.22	17.5692
ENSG00000103550.14	3.0048
ENSG00000103569.10	0.0178
ENSG00000103591.13	21.2649
ENSG00000103599.20	0.8021
ENSG00000103642.12	11.1916
ENSG00000103647.13	0.4645
ENSG00000103653.16	38.3201
ENSG00000103657.14	6.1527
ENSG00000103671.10	19.0415
ENSG00000103707.10	13.6855
ENSG00000103710.11	31.6807
ENSG00000103723.16	0.4221
ENSG00000103740.10	0.0567
ENSG00000103742.12	0.2726
ENSG00000103769.10	139.5391
ENSG00000103811.18	25.3085
ENSG00000103832.10	0.0329
ENSG00000103852.13	5.6781
ENSG00000103855.18	31.9240
ENSG00000103876.13	9.2123
ENSG00000103888.17	1.3098
ENSG00000103932.12	9.5322
ENSG00000103942.13	33.9252
ENSG00000103966.11	4.9087
ENSG00000103978.16	72.2450
ENSG00000103994.18	11.9923
ENSG00000103995.14	1.4558
ENSG00000104043.15	45.2971
ENSG00000104044.16	0.0177
ENSG00000104047.15	7.1838
ENSG00000104055.16	0.0311
ENSG00000104059.4	3.5588
ENSG00000104064.18	10.8291
ENSG00000104067.17	22.2849
ENSG00000104081.14	9.0148
ENSG00000104093.14	2.9045
ENSG00000104112.9	0.7279
ENSG00000104129.10	7.6176
ENSG00000104131.13	65.9494
ENSG00000104133.15	13.5283
ENSG00000104140.7	7.9383
ENSG00000104142.11	15.8825
ENSG00000104147.9	0.8648
ENSG00000104154.7	86.6810
ENSG00000104164.12	25.9412
ENSG00000104177.18	4.4203
ENSG00000104205.16	4.7045
ENSG00000104213.13	2.5512
ENSG00000104218.16	1.8029
ENSG00000104219.13	7.4032
ENSG00000104221.13	2.4210
ENSG00000104228.13	5.3971
ENSG00000104231.11	37.6002
ENSG00000104237.11	0.0037
ENSG00000104267.10	0.3737
ENSG00000104290.11	2.8587
ENSG00000104299.15	5.8583
ENSG00000104312.8	82.0906
ENSG00000104313.20	1.8631
ENSG00000104320.14	33.9501
ENSG00000104321.11	0.0182
ENSG00000104324.16	14.8025
ENSG00000104325.7	71.1662
ENSG00000104327.7	0.1374
ENSG00000104331.9	53.4449
ENSG00000104332.12	6.6198
ENSG00000104341.17	9.3672
ENSG00000104343.21	12.9797
ENSG00000104356.11	2.3998
ENSG00000104361.10	46.0497
ENSG00000104365.16	5.0609
ENSG00000104368.19	5.6661
ENSG00000104369.5	8.7243
ENSG00000104371.5	7.9210
ENSG00000104375.17	7.5354
ENSG00000104381.14	1.7699
ENSG00000104388.15	110.9239
ENSG00000104408.11	27.5937
ENSG00000104412.8	21.0463
ENSG00000104413.18	103.1755
ENSG00000104415.14	1.5565
ENSG00000104419.17	125.9549
ENSG00000104427.12	17.3285
ENSG00000104432.14	0.7995
ENSG00000104435.14	4.1538
ENSG00000104442.10	41.9046
ENSG00000104447.13	9.0893
ENSG00000104450.13	3.2754
ENSG00000104472.10	34.8302
ENSG00000104490.18	12.7053
ENSG00000104497.14	14.0747
ENSG00000104499.7	0.0000
ENSG00000104517.13	11.5679
ENSG00000104518.11	6.1956
ENSG00000104522.16	88.7906
ENSG00000104524.14	24.2967
ENSG00000104529.17	31.5236
ENSG00000104537.17	0.0911
ENSG00000104549.12	29.2057
ENSG00000104611.12	8.6155
ENSG00000104613.12	18.3357
ENSG00000104626.15	2.9294
ENSG00000104635.15	5.3040
ENSG00000104643.10	3.3506
ENSG00000104660.19	11.9753
ENSG00000104671.8	15.7714
ENSG00000104679.12	23.5192
ENSG00000104687.14	66.7519
ENSG00000104689.10	1.1828
ENSG00000104691.16	4.1007
ENSG00000104695.13	27.0722
ENSG00000104714.14	1.5805
ENSG00000104722.14	0.0000
ENSG00000104723.21	39.3123
ENSG00000104728.16	0.1064
ENSG00000104731.14	8.6472
ENSG00000104738.18	15.1100
ENSG00000104755.15	0.1192
ENSG00000104756.16	7.5566
ENSG00000104760.17	0.0874
ENSG00000104763.20	52.7745
ENSG00000104765.16	24.2542
ENSG00000104774.13	24.5664
ENSG00000104783.14	3.0003
ENSG00000104804.8	0.6927
ENSG00000104805.16	255.9259
ENSG00000104808.8	13.2322
ENSG00000104812.15	55.4698
ENSG00000104814.13	0.9129
ENSG00000104818.15	0.0000
ENSG00000104823.9	141.2837
ENSG00000104824.17	55.5101
ENSG00000104825.17	43.0524
ENSG00000104826.15	0.0000
ENSG00000104827.12	0.0000
ENSG00000104833.12	0.0896
ENSG00000104835.15	1.1548
ENSG00000104848.1	0.0000
ENSG00000104852.15	228.8826
ENSG00000104853.16	78.6411
ENSG00000104856.14	4.6681
ENSG00000104859.15	33.2783
ENSG00000104863.12	19.7494
ENSG00000104866.11	23.0475
ENSG00000104870.13	38.8899
ENSG00000104872.11	62.8285
ENSG00000104879.5	0.0742
ENSG00000104880.18	12.9139
ENSG00000104881.16	22.9404
ENSG00000104883.8	12.4591
ENSG00000104884.16	7.7382
ENSG00000104885.18	5.0529
ENSG00000104886.12	35.0917
ENSG00000104888.10	0.1156
ENSG00000104889.7	0.0000
ENSG00000104892.17	0.1737
ENSG00000104894.12	1.1094
ENSG00000104897.10	123.8195
ENSG00000104899.8	0.6691
ENSG00000104901.7	0.3048
ENSG00000104903.5	0.4810
